NOC,Year,summer_athlete_count
AFG,1936,4
AFG,1948,2
AFG,1956,1
AFG,1960,13
AFG,1964,8
AFG,1968,5
AFG,1972,8
AFG,1980,11
AFG,1988,5
AFG,1996,2
AFG,2004,5
AFG,2008,4
AFG,2012,6
AFG,2016,3
AHO,1952,1
AHO,1960,5
AHO,1964,4
AHO,1968,5
AHO,1972,2
AHO,1976,4
AHO,1984,13
AHO,1988,4
AHO,1992,4
AHO,1996,7
AHO,2000,8
AHO,2004,3
AHO,2008,4
ALB,1972,5
ALB,1992,9
ALB,1996,9
ALB,2000,5
ALB,2004,7
ALB,2008,12
ALB,2012,10
ALB,2016,6
ALG,1964,7
ALG,1968,9
ALG,1972,7
ALG,1980,34
ALG,1984,19
ALG,1988,32
ALG,1992,27
ALG,1996,32
ALG,2000,47
ALG,2004,67
ALG,2008,48
ALG,2012,29
ALG,2016,57
AND,1976,3
AND,1980,2
AND,1984,2
AND,1988,4
AND,1992,7
AND,1996,7
AND,2000,5
AND,2004,6
AND,2008,5
AND,2012,6
AND,2016,4
ANG,1980,14
ANG,1988,33
ANG,1992,32
ANG,1996,18
ANG,2000,18
ANG,2004,16
ANG,2008,19
ANG,2012,21
ANG,2016,11
ANT,1976,11
ANT,1984,18
ANT,1988,19
ANT,1992,17
ANT,1996,9
ANT,2000,4
ANT,2004,5
ANT,2008,5
ANT,2012,4
ANT,2016,6
ANZ,1908,31
ANZ,1912,35
ARG,1900,1
ARG,1908,1
ARG,1920,1
ARG,1924,83
ARG,1928,65
ARG,1932,41
ARG,1936,53
ARG,1948,224
ARG,1952,137
ARG,1956,39
ARG,1960,78
ARG,1964,104
ARG,1968,87
ARG,1972,92
ARG,1976,66
ARG,1984,90
ARG,1988,67
ARG,1992,84
ARG,1996,135
ARG,2000,108
ARG,2004,112
ARG,2008,92
ARG,2012,87
ARG,2016,110
ARM,1996,38
ARM,2000,26
ARM,2004,19
ARM,2008,26
ARM,2012,31
ARM,2016,34
ARU,1988,12
ARU,1992,5
ARU,1996,3
ARU,2000,5
ARU,2004,4
ARU,2008,2
ARU,2012,4
ARU,2016,7
ASA,1988,6
ASA,1992,3
ASA,1996,6
ASA,2000,4
ASA,2004,3
ASA,2008,4
ASA,2012,4
ASA,2016,4
AUS,1896,5
AUS,1900,6
AUS,1904,6
AUS,1906,10
AUS,1920,25
AUS,1924,55
AUS,1928,29
AUS,1932,20
AUS,1936,39
AUS,1948,77
AUS,1952,106
AUS,1956,316
AUS,1960,201
AUS,1964,291
AUS,1968,171
AUS,1972,195
AUS,1976,209
AUS,1980,152
AUS,1984,243
AUS,1988,241
AUS,1992,267
AUS,1996,382
AUS,2000,489
AUS,2004,377
AUS,2008,381
AUS,2012,350
AUS,2016,340
AUT,1896,8
AUT,1900,26
AUT,1904,7
AUT,1906,90
AUT,1908,12
AUT,1912,87
AUT,1924,47
AUT,1928,91
AUT,1932,33
AUT,1936,272
AUT,1948,182
AUT,1952,170
AUT,1956,45
AUT,1960,161
AUT,1964,69
AUT,1968,49
AUT,1972,109
AUT,1976,61
AUT,1980,70
AUT,1984,101
AUT,1988,83
AUT,1992,98
AUT,1996,77
AUT,2000,90
AUT,2004,77
AUT,2008,77
AUT,2012,77
AUT,2016,74
AZE,1996,24
AZE,2000,32
AZE,2004,37
AZE,2008,44
AZE,2012,58
AZE,2016,69
BAH,1952,6
BAH,1956,4
BAH,1960,12
BAH,1964,11
BAH,1968,18
BAH,1972,21
BAH,1976,16
BAH,1984,27
BAH,1988,17
BAH,1992,16
BAH,1996,22
BAH,2000,27
BAH,2004,20
BAH,2008,27
BAH,2012,23
BAH,2016,31
BAN,1984,2
BAN,1988,8
BAN,1992,6
BAN,1996,4
BAN,2000,6
BAN,2004,4
BAN,2008,5
BAN,2012,7
BAN,2016,7
BAR,1968,13
BAR,1972,17
BAR,1976,11
BAR,1984,19
BAR,1988,22
BAR,1992,19
BAR,1996,22
BAR,2000,22
BAR,2004,15
BAR,2008,10
BAR,2012,8
BAR,2016,13
BDI,1996,7
BDI,2000,6
BDI,2004,7
BDI,2008,3
BDI,2012,6
BDI,2016,10
BEL,1900,74
BEL,1906,28
BEL,1908,76
BEL,1912,46
BEL,1920,278
BEL,1924,165
BEL,1928,179
BEL,1932,65
BEL,1936,154
BEL,1948,126
BEL,1952,130
BEL,1956,55
BEL,1960,103
BEL,1964,43
BEL,1968,73
BEL,1972,77
BEL,1976,110
BEL,1980,67
BEL,1984,75
BEL,1988,84
BEL,1992,90
BEL,1996,75
BEL,2000,80
BEL,2004,58
BEL,2008,70
BEL,2012,90
BEL,2016,107
BEN,1972,3
BEN,1980,17
BEN,1984,3
BEN,1988,7
BEN,1992,7
BEN,1996,4
BEN,2000,4
BEN,2004,4
BEN,2008,5
BEN,2012,5
BEN,2016,6
BER,1936,6
BER,1948,22
BER,1952,12
BER,1956,3
BER,1960,8
BER,1964,4
BER,1968,6
BER,1972,9
BER,1976,16
BER,1984,13
BER,1988,14
BER,1992,24
BER,1996,9
BER,2000,6
BER,2004,9
BER,2008,6
BER,2012,8
BER,2016,8
BHU,1984,6
BHU,1988,4
BHU,1992,8
BHU,1996,2
BHU,2000,2
BHU,2004,2
BHU,2008,2
BHU,2012,2
BHU,2016,2
BIH,1992,13
BIH,1996,12
BIH,2000,11
BIH,2004,11
BIH,2008,7
BIH,2012,8
BIH,2016,11
BIZ,1968,7
BIZ,1972,2
BIZ,1976,4
BIZ,1984,10
BIZ,1988,10
BIZ,1992,12
BIZ,1996,5
BIZ,2000,2
BIZ,2004,2
BIZ,2008,4
BIZ,2012,3
BIZ,2016,3
BLR,1996,236
BLR,2000,201
BLR,2004,172
BLR,2008,207
BLR,2012,145
BLR,2016,134
BOH,1900,9
BOH,1906,28
BOH,1908,33
BOH,1912,58
BOL,1936,2
BOL,1964,1
BOL,1968,4
BOL,1972,14
BOL,1976,5
BOL,1984,13
BOL,1988,12
BOL,1992,18
BOL,1996,9
BOL,2000,5
BOL,2004,11
BOL,2008,7
BOL,2012,5
BOL,2016,12
BOT,1980,8
BOT,1984,8
BOT,1988,8
BOT,1992,6
BOT,1996,4
BOT,2000,5
BOT,2004,8
BOT,2008,11
BOT,2012,4
BOT,2016,11
BRA,1900,3
BRA,1920,19
BRA,1924,18
BRA,1932,53
BRA,1936,81
BRA,1948,82
BRA,1952,88
BRA,1956,51
BRA,1960,52
BRA,1964,30
BRA,1968,44
BRA,1972,64
BRA,1976,60
BRA,1980,104
BRA,1984,118
BRA,1988,159
BRA,1992,167
BRA,1996,154
BRA,2000,137
BRA,2004,203
BRA,2008,210
BRA,2012,199
BRA,2016,344
BRN,1984,12
BRN,1988,11
BRN,1992,12
BRN,1996,5
BRN,2000,4
BRN,2004,10
BRN,2008,15
BRN,2012,14
BRN,2016,33
BRU,1996,1
BRU,2000,2
BRU,2004,1
BRU,2012,3
BRU,2016,3
BUL,1924,18
BUL,1928,8
BUL,1932,2
BUL,1936,71
BUL,1952,140
BUL,1956,67
BUL,1960,151
BUL,1964,100
BUL,1968,149
BUL,1972,174
BUL,1976,211
BUL,1980,301
BUL,1988,233
BUL,1992,209
BUL,1996,150
BUL,2000,135
BUL,2004,112
BUL,2008,74
BUL,2012,64
BUL,2016,57
BUR,1972,1
BUR,1988,9
BUR,1992,4
BUR,1996,5
BUR,2000,4
BUR,2004,5
BUR,2008,6
BUR,2012,5
BUR,2016,5
CAF,1968,1
CAF,1984,3
CAF,1988,15
CAF,1992,18
CAF,1996,5
CAF,2000,3
CAF,2004,4
CAF,2008,3
CAF,2012,6
CAF,2016,6
CAM,1956,2
CAM,1964,11
CAM,1972,14
CAM,1996,5
CAM,2000,4
CAM,2004,4
CAM,2008,4
CAM,2012,6
CAM,2016,6
CAN,1900,7
CAN,1904,26
CAN,1906,4
CAN,1908,117
CAN,1912,54
CAN,1920,63
CAN,1924,69
CAN,1928,96
CAN,1932,163
CAN,1936,131
CAN,1948,151
CAN,1952,129
CAN,1956,126
CAN,1960,114
CAN,1964,159
CAN,1968,238
CAN,1972,269
CAN,1976,370
CAN,1984,405
CAN,1988,372
CAN,1992,341
CAN,1996,307
CAN,2000,301
CAN,2004,269
CAN,2008,299
CAN,2012,276
CAN,2016,284
CAY,1976,1
CAY,1984,10
CAY,1988,9
CAY,1992,9
CAY,1996,8
CAY,2000,4
CAY,2004,8
CAY,2008,6
CAY,2012,7
CAY,2016,5
CGO,1964,2
CGO,1972,5
CGO,1980,9
CGO,1984,10
CGO,1988,7
CGO,1992,7
CGO,1996,5
CGO,2000,5
CGO,2004,5
CGO,2008,5
CGO,2012,7
CGO,2016,10
CHA,1964,2
CHA,1968,4
CHA,1972,5
CHA,1984,3
CHA,1988,6
CHA,1992,7
CHA,1996,4
CHA,2000,3
CHA,2004,1
CHA,2008,2
CHA,2012,2
CHA,2016,2
CHI,1912,25
CHI,1920,2
CHI,1924,17
CHI,1928,28
CHI,1936,45
CHI,1948,56
CHI,1952,61
CHI,1956,41
CHI,1960,9
CHI,1964,16
CHI,1968,23
CHI,1972,11
CHI,1976,9
CHI,1984,43
CHI,1988,20
CHI,1992,14
CHI,1996,18
CHI,2000,33
CHI,2004,26
CHI,2008,28
CHI,2012,40
CHI,2016,43
CHN,1932,2
CHN,1936,52
CHN,1948,23
CHN,1952,1
CHN,1984,232
CHN,1988,320
CHN,1992,314
CHN,1996,321
CHN,2000,292
CHN,2004,367
CHN,2008,444
CHN,2012,342
CHN,2016,360
CIV,1964,10
CIV,1968,7
CIV,1972,8
CIV,1976,8
CIV,1984,14
CIV,1988,10
CIV,1992,11
CIV,1996,9
CIV,2000,12
CIV,2004,5
CIV,2008,7
CIV,2012,10
CIV,2016,15
CMR,1964,2
CMR,1968,5
CMR,1972,15
CMR,1976,1
CMR,1980,26
CMR,1984,36
CMR,1988,21
CMR,1992,9
CMR,1996,13
CMR,2000,16
CMR,2004,16
CMR,2008,16
CMR,2012,16
CMR,2016,13
COD,1968,5
COD,1984,9
COD,1988,18
COD,1992,16
COD,1996,14
COD,2000,3
COD,2004,5
COD,2008,5
COD,2012,4
COD,2016,4
COK,1988,8
COK,1992,2
COK,1996,3
COK,2000,2
COK,2004,3
COK,2008,4
COK,2012,9
COK,2016,9
COL,1900,1
COL,1932,2
COL,1936,6
COL,1948,11
COL,1956,32
COL,1960,20
COL,1964,30
COL,1968,45
COL,1972,56
COL,1976,37
COL,1980,12
COL,1984,48
COL,1988,44
COL,1992,38
COL,1996,56
COL,2000,49
COL,2004,67
COL,2008,84
COL,2012,95
COL,2016,109
COM,1996,4
COM,2000,2
COM,2004,3
COM,2008,3
COM,2012,3
COM,2016,4
CPV,1996,3
CPV,2000,2
CPV,2004,3
CPV,2008,2
CPV,2012,3
CPV,2016,5
CRC,1936,1
CRC,1964,2
CRC,1968,24
CRC,1972,4
CRC,1976,10
CRC,1980,22
CRC,1984,16
CRC,1988,27
CRC,1992,20
CRC,1996,13
CRC,2000,9
CRC,2004,8
CRC,2008,8
CRC,2012,11
CRC,2016,11
CRO,1992,39
CRO,1996,72
CRO,2000,69
CRO,2004,64
CRO,2008,90
CRO,2012,75
CRO,2016,66
CRT,1906,11
CUB,1900,2
CUB,1904,5
CUB,1924,8
CUB,1928,1
CUB,1932,3
CUB,1948,98
CUB,1952,53
CUB,1956,16
CUB,1960,20
CUB,1964,67
CUB,1968,182
CUB,1972,133
CUB,1976,128
CUB,1980,184
CUB,1992,121
CUB,1996,120
CUB,2000,183
CUB,2004,133
CUB,2008,125
CUB,2012,108
CUB,2016,121
CYP,1980,13
CYP,1984,12
CYP,1988,10
CYP,1992,18
CYP,1996,20
CYP,2000,21
CYP,2004,21
CYP,2008,18
CYP,2012,13
CYP,2016,21
CZE,1996,142
CZE,2000,125
CZE,2004,152
CZE,2008,144
CZE,2012,134
CZE,2016,117
DEN,1896,15
DEN,1900,30
DEN,1906,36
DEN,1908,55
DEN,1912,117
DEN,1920,137
DEN,1924,131
DEN,1928,97
DEN,1932,83
DEN,1936,124
DEN,1948,182
DEN,1952,154
DEN,1956,38
DEN,1960,65
DEN,1964,54
DEN,1968,77
DEN,1972,100
DEN,1976,59
DEN,1980,42
DEN,1984,49
DEN,1988,95
DEN,1992,98
DEN,1996,85
DEN,2000,79
DEN,2004,77
DEN,2008,76
DEN,2012,91
DEN,2016,88
DJI,1984,3
DJI,1988,6
DJI,1992,8
DJI,1996,5
DJI,2000,2
DJI,2008,2
DJI,2012,4
DJI,2016,8
DMA,1996,6
DMA,2000,4
DMA,2004,2
DMA,2008,2
DMA,2012,2
DMA,2016,2
DOM,1964,1
DOM,1968,18
DOM,1972,5
DOM,1976,11
DOM,1980,7
DOM,1984,24
DOM,1988,17
DOM,1992,13
DOM,1996,16
DOM,2000,13
DOM,2004,22
DOM,2008,22
DOM,2012,22
DOM,2016,24
ECU,1924,4
ECU,1968,38
ECU,1972,4
ECU,1976,8
ECU,1980,13
ECU,1984,15
ECU,1988,15
ECU,1992,15
ECU,1996,21
ECU,2000,11
ECU,2004,18
ECU,2008,26
ECU,2012,36
ECU,2016,40
EGY,1906,5
EGY,1920,12
EGY,1924,19
EGY,1928,20
EGY,1936,46
EGY,1948,127
EGY,1952,148
EGY,1956,4
EGY,1964,49
EGY,1968,22
EGY,1972,26
EGY,1976,15
EGY,1984,106
EGY,1988,54
EGY,1992,37
EGY,1996,18
EGY,2000,73
EGY,2004,57
EGY,2008,78
EGY,2012,102
EGY,2016,100
ERI,2000,3
ERI,2004,5
ERI,2008,11
ERI,2012,12
ERI,2016,12
ESA,1932,4
ESA,1968,74
ESA,1972,15
ESA,1984,15
ESA,1988,7
ESA,1992,6
ESA,1996,10
ESA,2000,10
ESA,2004,9
ESA,2008,14
ESA,2012,11
ESA,2016,10
ESP,1900,7
ESP,1920,45
ESP,1924,89
ESP,1928,52
ESP,1932,8
ESP,1948,55
ESP,1952,27
ESP,1956,8
ESP,1960,191
ESP,1964,43
ESP,1968,77
ESP,1972,102
ESP,1976,107
ESP,1980,134
ESP,1984,189
ESP,1988,226
ESP,1992,342
ESP,1996,259
ESP,2000,293
ESP,2004,295
ESP,2008,264
ESP,2012,222
ESP,2016,236
EST,1920,20
EST,1924,37
EST,1928,23
EST,1932,3
EST,1936,36
EST,1992,39
EST,1996,46
EST,2000,37
EST,2004,44
EST,2008,51
EST,2012,36
EST,2016,46
ETH,1956,21
ETH,1960,12
ETH,1964,16
ETH,1968,23
ETH,1972,31
ETH,1980,42
ETH,1992,21
ETH,1996,19
ETH,2000,27
ETH,2004,27
ETH,2008,29
ETH,2012,34
ETH,2016,38
EUN,1992,473
FIJ,1956,5
FIJ,1960,3
FIJ,1968,1
FIJ,1972,4
FIJ,1976,5
FIJ,1984,26
FIJ,1988,41
FIJ,1992,36
FIJ,1996,15
FIJ,2000,9
FIJ,2004,9
FIJ,2008,6
FIJ,2012,9
FIJ,2016,14
FIN,1906,18
FIN,1908,64
FIN,1912,170
FIN,1920,99
FIN,1924,209
FIN,1928,125
FIN,1932,62
FIN,1936,163
FIN,1948,184
FIN,1952,327
FIN,1956,124
FIN,1960,180
FIN,1964,135
FIN,1968,112
FIN,1972,113
FIN,1976,89
FIN,1980,97
FIN,1984,97
FIN,1988,90
FIN,1992,111
FIN,1996,89
FIN,2000,81
FIN,2004,64
FIN,2008,66
FIN,2012,68
FIN,2016,63
FRA,1896,26
FRA,1900,941
FRA,1904,2
FRA,1906,154
FRA,1908,216
FRA,1912,170
FRA,1920,265
FRA,1924,515
FRA,1928,322
FRA,1932,141
FRA,1936,231
FRA,1948,331
FRA,1952,308
FRA,1956,180
FRA,1960,256
FRA,1964,162
FRA,1968,214
FRA,1972,268
FRA,1976,225
FRA,1980,154
FRA,1984,270
FRA,1988,306
FRA,1992,340
FRA,1996,333
FRA,2000,357
FRA,2004,342
FRA,2008,338
FRA,2012,313
FRA,2016,332
FRG,1968,324
FRG,1972,407
FRG,1976,329
FRG,1984,377
FRG,1988,351
FSM,2000,5
FSM,2004,5
FSM,2008,5
FSM,2012,6
FSM,2016,5
GAB,1972,1
GAB,1984,4
GAB,1988,2
GAB,1992,5
GAB,1996,6
GAB,2000,6
GAB,2004,5
GAB,2008,4
GAB,2012,7
GAB,2016,6
GAM,1984,10
GAM,1988,6
GAM,1992,5
GAM,1996,6
GAM,2000,2
GAM,2004,3
GAM,2008,3
GAM,2012,2
GAM,2016,4
GBR,1896,24
GBR,1900,79
GBR,1904,6
GBR,1906,100
GBR,1908,732
GBR,1912,317
GBR,1920,218
GBR,1924,337
GBR,1928,290
GBR,1932,146
GBR,1936,172
GBR,1948,489
GBR,1952,301
GBR,1956,208
GBR,1960,287
GBR,1964,224
GBR,1968,250
GBR,1972,336
GBR,1976,283
GBR,1980,264
GBR,1984,399
GBR,1988,349
GBR,1992,388
GBR,1996,286
GBR,2000,308
GBR,2004,272
GBR,2008,317
GBR,2012,439
GBR,2016,339
GBS,1996,3
GBS,2000,3
GBS,2004,3
GBS,2008,3
GBS,2012,4
GBS,2016,5
GDR,1968,249
GDR,1972,342
GDR,1976,310
GDR,1980,364
GDR,1988,305
GEO,1996,41
GEO,2000,45
GEO,2004,39
GEO,2008,36
GEO,2012,35
GEO,2016,43
GEQ,1984,5
GEQ,1988,7
GEQ,1992,8
GEQ,1996,5
GEQ,2000,4
GEQ,2004,2
GEQ,2008,3
GEQ,2012,2
GEQ,2016,1
GER,1896,76
GER,1900,60
GER,1904,54
GER,1906,129
GER,1908,124
GER,1912,198
GER,1928,322
GER,1932,176
GER,1936,441
GER,1952,271
GER,1956,192
GER,1960,326
GER,1964,360
GER,1992,465
GER,1996,428
GER,2000,390
GER,2004,403
GER,2008,374
GER,2012,367
GER,2016,369
GHA,1952,6
GHA,1960,12
GHA,1964,21
GHA,1968,18
GHA,1972,23
GHA,1984,18
GHA,1988,14
GHA,1992,18
GHA,1996,17
GHA,2000,18
GHA,2004,11
GHA,2008,9
GHA,2012,7
GHA,2016,12
GRE,1896,142
GRE,1900,4
GRE,1904,13
GRE,1906,416
GRE,1908,36
GRE,1912,54
GRE,1920,48
GRE,1924,58
GRE,1928,35
GRE,1932,13
GRE,1936,51
GRE,1948,68
GRE,1952,43
GRE,1956,15
GRE,1960,47
GRE,1964,19
GRE,1968,33
GRE,1972,54
GRE,1976,39
GRE,1980,35
GRE,1984,60
GRE,1988,48
GRE,1992,61
GRE,1996,152
GRE,2000,144
GRE,2004,300
GRE,2008,137
GRE,2012,94
GRE,2016,79
GRN,1984,6
GRN,1988,7
GRN,1992,5
GRN,1996,2
GRN,2000,3
GRN,2004,5
GRN,2008,9
GRN,2012,8
GRN,2016,6
GUA,1932,1
GUA,1952,32
GUA,1968,46
GUA,1972,11
GUA,1976,11
GUA,1980,10
GUA,1984,47
GUA,1988,18
GUA,1992,32
GUA,1996,28
GUA,2000,15
GUA,2004,19
GUA,2008,13
GUA,2012,24
GUA,2016,25
GUI,1968,1
GUI,1980,10
GUI,1984,1
GUI,1988,7
GUI,1992,11
GUI,1996,5
GUI,2000,6
GUI,2004,4
GUI,2008,5
GUI,2012,4
GUI,2016,5
GUM,1988,26
GUM,1992,33
GUM,1996,9
GUM,2000,7
GUM,2004,4
GUM,2008,7
GUM,2012,8
GUM,2016,5
GUY,1948,7
GUY,1952,1
GUY,1956,6
GUY,1960,6
GUY,1964,1
GUY,1968,6
GUY,1972,4
GUY,1980,10
GUY,1984,12
GUY,1988,8
GUY,1992,7
GUY,1996,6
GUY,2000,4
GUY,2004,4
GUY,2008,4
GUY,2012,6
GUY,2016,7
HAI,1900,4
HAI,1924,12
HAI,1928,3
HAI,1932,3
HAI,1960,1
HAI,1972,7
HAI,1976,14
HAI,1984,3
HAI,1988,5
HAI,1992,8
HAI,1996,7
HAI,2000,5
HAI,2004,8
HAI,2008,7
HAI,2012,5
HAI,2016,10
HKG,1952,9
HKG,1956,4
HKG,1960,4
HKG,1964,31
HKG,1968,24
HKG,1972,16
HKG,1976,36
HKG,1984,67
HKG,1988,68
HKG,1992,52
HKG,1996,26
HKG,2000,39
HKG,2004,35
HKG,2008,41
HKG,2012,47
HKG,2016,38
HON,1968,6
HON,1976,3
HON,1984,20
HON,1988,18
HON,1992,27
HON,1996,7
HON,2000,4
HON,2004,5
HON,2008,8
HON,2012,10
HON,2016,8
HUN,1896,18
HUN,1900,34
HUN,1904,9
HUN,1906,86
HUN,1908,95
HUN,1912,145
HUN,1924,93
HUN,1928,166
HUN,1932,98
HUN,1936,220
HUN,1948,165
HUN,1952,253
HUN,1956,142
HUN,1960,222
HUN,1964,226
HUN,1968,220
HUN,1972,259
HUN,1976,207
HUN,1980,284
HUN,1988,241
HUN,1992,271
HUN,1996,229
HUN,2000,173
HUN,2004,174
HUN,2008,152
HUN,2012,135
HUN,2016,153
INA,1952,3
INA,1956,12
INA,1960,23
INA,1968,5
INA,1972,7
INA,1976,11
INA,1984,20
INA,1988,37
INA,1992,38
INA,1996,29
INA,2000,38
INA,2004,29
INA,2008,19
INA,2012,19
INA,2016,24
IND,1900,5
IND,1920,7
IND,1924,20
IND,1928,11
IND,1932,9
IND,1936,12
IND,1948,46
IND,1952,56
IND,1956,47
IND,1960,26
IND,1964,80
IND,1968,12
IND,1972,29
IND,1976,11
IND,1980,47
IND,1984,34
IND,1988,32
IND,1992,41
IND,1996,33
IND,2000,41
IND,2004,57
IND,2008,60
IND,2012,69
IND,2016,87
IOA,1992,69
IOA,2000,4
IOA,2012,4
IOA,2016,9
IRI,1900,1
IRI,1948,39
IRI,1952,23
IRI,1956,17
IRI,1960,24
IRI,1964,69
IRI,1968,14
IRI,1972,34
IRI,1976,65
IRI,1988,23
IRI,1992,38
IRI,1996,18
IRI,2000,34
IRI,2004,37
IRI,2008,55
IRI,2012,57
IRI,2016,56
IRL,1924,38
IRL,1928,38
IRL,1932,18
IRL,1948,64
IRL,1952,23
IRL,1956,21
IRL,1960,54
IRL,1964,32
IRL,1968,44
IRL,1972,69
IRL,1976,41
IRL,1980,50
IRL,1984,49
IRL,1988,67
IRL,1992,63
IRL,1996,85
IRL,2000,60
IRL,2004,43
IRL,2008,50
IRL,2012,67
IRL,2016,75
IRQ,1948,13
IRQ,1960,25
IRQ,1964,16
IRQ,1968,4
IRQ,1980,26
IRQ,1984,11
IRQ,1988,13
IRQ,1992,8
IRQ,1996,3
IRQ,2000,4
IRQ,2004,8
IRQ,2008,4
IRQ,2012,8
IRQ,2016,5
ISL,1908,1
ISL,1912,2
ISL,1936,6
ISL,1948,24
ISL,1952,15
ISL,1956,2
ISL,1960,11
ISL,1964,5
ISL,1968,16
ISL,1972,16
ISL,1976,22
ISL,1980,12
ISL,1984,20
ISL,1988,27
ISL,1992,17
ISL,1996,15
ISL,2000,29
ISL,2004,20
ISL,2008,18
ISL,2012,20
ISL,2016,14
ISR,1952,31
ISR,1956,3
ISR,1960,43
ISR,1964,13
ISR,1968,23
ISR,1972,16
ISR,1976,19
ISR,1984,63
ISR,1988,26
ISR,1992,42
ISR,1996,31
ISR,2000,44
ISR,2004,43
ISR,2008,56
ISR,2012,53
ISR,2016,54
ISV,1968,5
ISV,1972,13
ISV,1976,25
ISV,1984,44
ISV,1988,36
ISV,1992,30
ISV,1996,11
ISV,2000,12
ISV,2004,9
ISV,2008,8
ISV,2012,9
ISV,2016,7
ITA,1896,1
ITA,1900,36
ITA,1904,1
ITA,1906,82
ITA,1908,58
ITA,1912,61
ITA,1920,155
ITA,1924,248
ITA,1928,195
ITA,1932,118
ITA,1936,280
ITA,1948,233
ITA,1952,270
ITA,1956,144
ITA,1960,282
ITA,1964,185
ITA,1968,204
ITA,1972,259
ITA,1976,227
ITA,1980,146
ITA,1984,261
ITA,1988,262
ITA,1992,300
ITA,1996,328
ITA,2000,298
ITA,2004,309
ITA,2008,316
ITA,2012,268
ITA,2016,276
IVB,1984,9
IVB,1988,4
IVB,1992,4
IVB,1996,5
IVB,2000,1
IVB,2004,1
IVB,2008,2
IVB,2012,2
IVB,2016,4
JAM,1948,23
JAM,1952,13
JAM,1956,10
JAM,1964,23
JAM,1968,28
JAM,1972,39
JAM,1976,27
JAM,1980,20
JAM,1984,53
JAM,1988,32
JAM,1992,37
JAM,1996,49
JAM,2000,46
JAM,2004,48
JAM,2008,49
JAM,2012,46
JAM,2016,58
JOR,1980,6
JOR,1984,15
JOR,1988,9
JOR,1992,5
JOR,1996,5
JOR,2000,8
JOR,2004,8
JOR,2008,7
JOR,2012,9
JOR,2016,8
JPN,1912,4
JPN,1920,25
JPN,1924,31
JPN,1928,45
JPN,1932,161
JPN,1936,269
JPN,1952,110
JPN,1956,184
JPN,1960,213
JPN,1964,326
JPN,1968,197
JPN,1972,220
JPN,1976,248
JPN,1984,263
JPN,1988,316
JPN,1992,297
JPN,1996,302
JPN,2000,260
JPN,2004,269
JPN,2008,282
JPN,2012,270
JPN,2016,303
KAZ,1996,125
KAZ,2000,127
KAZ,2004,108
KAZ,2008,120
KAZ,2012,118
KAZ,2016,110
KEN,1956,15
KEN,1960,14
KEN,1964,26
KEN,1968,34
KEN,1972,49
KEN,1984,48
KEN,1988,67
KEN,1992,51
KEN,1996,50
KEN,2000,45
KEN,2004,35
KEN,2008,47
KEN,2012,48
KEN,2016,58
KGZ,1996,39
KGZ,2000,59
KGZ,2004,32
KGZ,2008,22
KGZ,2012,15
KGZ,2016,19
KIR,2004,3
KIR,2008,2
KIR,2012,3
KIR,2016,3
KOR,1948,38
KOR,1952,20
KOR,1956,36
KOR,1960,46
KOR,1964,181
KOR,1968,57
KOR,1972,26
KOR,1976,29
KOR,1984,175
KOR,1988,351
KOR,1992,208
KOR,1996,261
KOR,2000,208
KOR,2004,222
KOR,2008,209
KOR,2012,193
KOR,2016,176
KOS,2016,8
KSA,1972,11
KSA,1976,13
KSA,1984,22
KSA,1988,13
KSA,1992,15
KSA,1996,15
KSA,2000,17
KSA,2004,16
KSA,2008,15
KSA,2012,20
KSA,2016,11
KUW,1968,2
KUW,1972,4
KUW,1976,15
KUW,1980,32
KUW,1984,24
KUW,1988,28
KUW,1992,19
KUW,1996,16
KUW,2000,12
KUW,2004,11
KUW,2008,8
KUW,2012,12
LAO,1980,19
LAO,1988,3
LAO,1992,7
LAO,1996,2
LAO,2000,3
LAO,2004,5
LAO,2008,4
LAO,2012,3
LAO,2016,5
LAT,1924,34
LAT,1928,21
LAT,1932,13
LAT,1936,30
LAT,1992,37
LAT,1996,55
LAT,2000,58
LAT,2004,45
LAT,2008,50
LAT,2012,46
LAT,2016,32
LBA,1968,1
LBA,1980,24
LBA,1988,7
LBA,1992,5
LBA,1996,5
LBA,2000,3
LBA,2004,8
LBA,2008,6
LBA,2012,4
LBA,2016,7
LBR,1956,8
LBR,1960,6
LBR,1964,2
LBR,1972,5
LBR,1984,7
LBR,1988,11
LBR,1996,4
LBR,2000,7
LBR,2004,2
LBR,2008,4
LBR,2012,3
LBR,2016,3
LCA,1996,5
LCA,2000,5
LCA,2004,2
LCA,2008,4
LCA,2012,4
LCA,2016,5
LES,1972,2
LES,1980,7
LES,1984,5
LES,1988,6
LES,1992,8
LES,1996,5
LES,2000,6
LES,2004,3
LES,2008,5
LES,2012,4
LES,2016,9
LIB,1948,9
LIB,1952,9
LIB,1960,18
LIB,1964,5
LIB,1968,15
LIB,1972,30
LIB,1976,4
LIB,1980,19
LIB,1984,27
LIB,1988,31
LIB,1992,18
LIB,1996,1
LIB,2000,6
LIB,2004,5
LIB,2008,6
LIB,2012,10
LIB,2016,9
LIE,1936,8
LIE,1948,2
LIE,1952,2
LIE,1960,8
LIE,1964,3
LIE,1968,3
LIE,1972,12
LIE,1976,9
LIE,1984,8
LIE,1988,16
LIE,1992,8
LIE,1996,2
LIE,2000,2
LIE,2004,1
LIE,2008,2
LIE,2012,4
LIE,2016,3
LTU,1924,3
LTU,1928,13
LTU,1992,51
LTU,1996,73
LTU,2000,72
LTU,2004,62
LTU,2008,76
LTU,2012,72
LTU,2016,75
LUX,1900,1
LUX,1912,11
LUX,1920,22
LUX,1924,102
LUX,1928,82
LUX,1932,11
LUX,1936,105
LUX,1948,88
LUX,1952,75
LUX,1956,24
LUX,1960,97
LUX,1964,27
LUX,1968,7
LUX,1972,11
LUX,1976,9
LUX,1980,4
LUX,1984,5
LUX,1988,11
LUX,1992,8
LUX,1996,7
LUX,2000,8
LUX,2004,13
LUX,2008,19
LUX,2012,11
LUX,2016,15
MAD,1964,4
MAD,1968,6
MAD,1972,10
MAD,1980,18
MAD,1984,5
MAD,1992,16
MAD,1996,10
MAD,2000,10
MAD,2004,8
MAD,2008,6
MAD,2012,7
MAD,2016,6
MAL,1956,18
MAL,1960,11
MAR,1960,91
MAR,1964,10
MAR,1968,25
MAR,1972,19
MAR,1976,9
MAR,1984,21
MAR,1988,29
MAR,1992,27
MAR,1996,38
MAR,2000,39
MAR,2004,42
MAR,2008,49
MAR,2012,52
MAR,2016,52
MAS,1964,53
MAS,1968,16
MAS,1972,23
MAS,1976,10
MAS,1984,12
MAS,1988,16
MAS,1992,12
MAS,1996,22
MAS,2000,34
MAS,2004,34
MAS,2008,34
MAS,2012,31
MAS,2016,35
MAW,1972,18
MAW,1984,20
MAW,1988,19
MAW,1992,4
MAW,1996,2
MAW,2000,2
MAW,2004,4
MAW,2008,4
MAW,2012,3
MAW,2016,5
MDA,1996,48
MDA,2000,35
MDA,2004,33
MDA,2008,30
MDA,2012,20
MDA,2016,23
MDV,1988,6
MDV,1992,10
MDV,1996,6
MDV,2000,4
MDV,2004,4
MDV,2008,4
MDV,2012,5
MDV,2016,4
MEX,1900,1
MEX,1924,27
MEX,1928,42
MEX,1932,86
MEX,1936,29
MEX,1948,119
MEX,1952,69
MEX,1956,31
MEX,1960,89
MEX,1964,97
MEX,1968,305
MEX,1972,194
MEX,1976,92
MEX,1980,62
MEX,1984,125
MEX,1988,118
MEX,1992,100
MEX,1996,81
MEX,2000,87
MEX,2004,93
MEX,2008,93
MEX,2012,94
MEX,2016,102
MGL,1964,37
MGL,1968,38
MGL,1972,44
MGL,1976,33
MGL,1980,54
MGL,1988,30
MGL,1992,35
MGL,1996,18
MGL,2000,23
MGL,2004,21
MGL,2008,31
MGL,2012,32
MGL,2016,46
MHL,2008,5
MHL,2012,4
MHL,2016,5
MKD,1996,16
MKD,2000,15
MKD,2004,14
MKD,2008,7
MKD,2012,4
MKD,2016,6
MLI,1964,2
MLI,1968,2
MLI,1972,3
MLI,1980,7
MLI,1984,5
MLI,1988,8
MLI,1992,6
MLI,1996,4
MLI,2000,5
MLI,2004,6
MLI,2008,17
MLI,2012,6
MLI,2016,6
MLT,1928,1
MLT,1936,3
MLT,1948,1
MLT,1960,10
MLT,1968,1
MLT,1972,2
MLT,1980,9
MLT,1984,7
MLT,1988,6
MLT,1992,8
MLT,1996,10
MLT,2000,7
MLT,2004,7
MLT,2008,6
MLT,2012,5
MLT,2016,8
MNE,2008,8
MNE,2012,9
MNE,2016,9
MON,1920,7
MON,1924,9
MON,1928,8
MON,1932,1
MON,1936,11
MON,1948,4
MON,1952,9
MON,1960,13
MON,1964,1
MON,1968,2
MON,1972,5
MON,1976,10
MON,1984,8
MON,1988,9
MON,1992,4
MON,1996,4
MON,2000,4
MON,2004,3
MON,2008,5
MON,2012,6
MON,2016,8
MOZ,1980,16
MOZ,1984,11
MOZ,1988,12
MOZ,1992,7
MOZ,1996,3
MOZ,2000,4
MOZ,2004,4
MOZ,2008,4
MOZ,2012,6
MOZ,2016,7
MRI,1984,7
MRI,1988,10
MRI,1992,18
MRI,1996,25
MRI,2000,20
MRI,2004,9
MRI,2008,11
MRI,2012,10
MRI,2016,11
MTN,1984,2
MTN,1988,7
MTN,1992,6
MTN,1996,4
MTN,2000,2
MTN,2004,2
MTN,2008,2
MTN,2012,2
MTN,2016,2
MYA,1948,5
MYA,1952,5
MYA,1956,11
MYA,1960,9
MYA,1964,12
MYA,1968,4
MYA,1972,7
MYA,1980,2
MYA,1984,1
MYA,1988,3
MYA,1992,5
MYA,1996,3
MYA,2000,7
MYA,2004,2
MYA,2008,7
MYA,2012,6
MYA,2016,8
NAM,1992,10
NAM,1996,10
NAM,2000,16
NAM,2004,10
NAM,2008,11
NAM,2012,9
NAM,2016,11
NBO,1956,2
NCA,1968,16
NCA,1972,10
NCA,1976,22
NCA,1980,6
NCA,1984,5
NCA,1992,9
NCA,1996,9
NCA,2000,6
NCA,2004,6
NCA,2008,7
NCA,2012,6
NCA,2016,5
NED,1900,61
NED,1906,42
NED,1908,149
NED,1912,22
NED,1920,124
NED,1924,178
NED,1928,298
NED,1932,71
NED,1936,169
NED,1948,118
NED,1952,116
NED,1956,1
NED,1960,103
NED,1964,86
NED,1968,86
NED,1972,136
NED,1976,112
NED,1980,78
NED,1984,113
NED,1988,120
NED,1992,152
NED,1996,153
NED,2000,156
NED,2004,156
NED,2008,149
NED,2012,145
NED,2016,210
NEP,1964,6
NEP,1972,2
NEP,1976,1
NEP,1980,10
NEP,1984,10
NEP,1988,20
NEP,1992,2
NEP,1996,6
NEP,2000,5
NEP,2004,6
NEP,2008,8
NEP,2012,5
NEP,2016,7
NFL,1904,1
NGR,1952,12
NGR,1956,11
NGR,1960,12
NGR,1964,15
NGR,1968,22
NGR,1972,26
NGR,1980,31
NGR,1984,29
NGR,1988,54
NGR,1992,43
NGR,1996,54
NGR,2000,51
NGR,2004,46
NGR,2008,46
NGR,2012,50
NGR,2016,55
NIG,1964,1
NIG,1968,2
NIG,1972,4
NIG,1984,4
NIG,1988,6
NIG,1992,3
NIG,1996,3
NIG,2000,4
NIG,2004,4
NIG,2008,4
NIG,2012,6
NIG,2016,6
NOR,1900,25
NOR,1904,6
NOR,1906,32
NOR,1908,64
NOR,1912,163
NOR,1920,178
NOR,1924,81
NOR,1928,69
NOR,1932,8
NOR,1936,63
NOR,1948,83
NOR,1952,159
NOR,1956,27
NOR,1960,48
NOR,1964,38
NOR,1968,73
NOR,1972,120
NOR,1976,57
NOR,1984,102
NOR,1988,60
NOR,1992,82
NOR,1996,78
NOR,2000,72
NOR,2004,50
NOR,2008,66
NOR,2012,54
NOR,2016,64
NRU,1996,3
NRU,2000,2
NRU,2004,3
NRU,2008,1
NRU,2012,2
NRU,2016,2
NZL,1900,1
NZL,1920,6
NZL,1924,6
NZL,1928,13
NZL,1932,25
NZL,1936,9
NZL,1948,8
NZL,1952,16
NZL,1956,36
NZL,1960,33
NZL,1964,65
NZL,1968,42
NZL,1972,86
NZL,1976,74
NZL,1980,5
NZL,1984,109
NZL,1988,80
NZL,1992,109
NZL,1996,100
NZL,2000,135
NZL,2004,127
NZL,2008,113
NZL,2012,113
NZL,2016,143
OMA,1984,19
OMA,1988,10
OMA,1992,5
OMA,1996,5
OMA,2000,5
OMA,2004,2
OMA,2008,4
OMA,2012,3
OMA,2016,4
PAK,1948,23
PAK,1952,34
PAK,1956,57
PAK,1960,38
PAK,1964,29
PAK,1968,3
PAK,1972,12
PAK,1976,9
PAK,1984,17
PAK,1988,15
PAK,1992,12
PAK,1996,9
PAK,2000,12
PAK,2004,11
PAK,2008,7
PAK,2012,6
PAK,2016,7
PAN,1928,2
PAN,1948,2
PAN,1952,1
PAN,1960,5
PAN,1964,12
PAN,1968,16
PAN,1972,8
PAN,1976,13
PAN,1984,10
PAN,1988,9
PAN,1992,7
PAN,1996,9
PAN,2000,7
PAN,2004,5
PAN,2008,5
PAN,2012,8
PAN,2016,14
PAR,1968,1
PAR,1972,3
PAR,1976,6
PAR,1984,18
PAR,1988,12
PAR,1992,14
PAR,1996,7
PAR,2000,5
PAR,2004,6
PAR,2008,7
PAR,2012,10
PAR,2016,11
PER,1900,2
PER,1932,3
PER,1936,32
PER,1948,47
PER,1956,10
PER,1960,15
PER,1964,37
PER,1968,25
PER,1972,28
PER,1976,3
PER,1980,29
PER,1984,34
PER,1988,15
PER,1992,19
PER,1996,23
PER,2000,12
PER,2004,14
PER,2008,13
PER,2012,16
PER,2016,34
PHI,1924,2
PHI,1928,6
PHI,1932,8
PHI,1936,37
PHI,1948,31
PHI,1952,28
PHI,1956,45
PHI,1960,43
PHI,1964,61
PHI,1968,80
PHI,1972,67
PHI,1976,21
PHI,1984,32
PHI,1988,42
PHI,1992,35
PHI,1996,18
PHI,2000,22
PHI,2004,21
PHI,2008,17
PHI,2012,11
PHI,2016,13
PLE,1996,1
PLE,2000,2
PLE,2004,3
PLE,2008,4
PLE,2012,5
PLE,2016,6
PLW,2000,5
PLW,2004,4
PLW,2008,5
PLW,2012,5
PLW,2016,6
PNG,1976,9
PNG,1984,12
PNG,1988,15
PNG,1992,16
PNG,1996,11
PNG,2000,5
PNG,2004,6
PNG,2008,9
PNG,2012,8
PNG,2016,8
POL,1912,1
POL,1924,65
POL,1928,124
POL,1932,62
POL,1936,126
POL,1948,42
POL,1952,180
POL,1956,92
POL,1960,228
POL,1964,188
POL,1968,226
POL,1972,292
POL,1976,201
POL,1980,299
POL,1988,145
POL,1992,198
POL,1996,161
POL,2000,180
POL,2004,180
POL,2008,223
POL,2012,199
POL,2016,215
POR,1912,8
POR,1920,14
POR,1924,33
POR,1928,21
POR,1932,8
POR,1936,19
POR,1948,47
POR,1952,122
POR,1956,13
POR,1960,85
POR,1964,24
POR,1968,28
POR,1972,35
POR,1976,29
POR,1980,18
POR,1984,45
POR,1988,80
POR,1992,94
POR,1996,98
POR,2000,60
POR,2004,72
POR,2008,82
POR,2012,89
POR,2016,83
PRK,1972,65
PRK,1976,26
PRK,1980,111
PRK,1992,110
PRK,1996,32
PRK,2000,47
PRK,2004,65
PRK,2008,53
PRK,2012,36
PRK,2016,35
PUR,1948,9
PUR,1952,23
PUR,1956,11
PUR,1960,26
PUR,1964,45
PUR,1968,86
PUR,1972,55
PUR,1976,95
PUR,1980,3
PUR,1984,52
PUR,1988,56
PUR,1992,72
PUR,1996,71
PUR,2000,32
PUR,2004,51
PUR,2008,31
PUR,2012,28
PUR,2016,30
QAT,1984,10
QAT,1988,10
QAT,1992,11
QAT,1996,10
QAT,2000,16
QAT,2004,15
QAT,2008,20
QAT,2012,14
QAT,2016,24
RHO,1960,11
ROT,2016,12
ROU,1900,1
ROU,1924,15
ROU,1928,25
ROU,1932,2
ROU,1936,92
ROU,1952,190
ROU,1956,76
ROU,1960,114
ROU,1964,154
ROU,1968,79
ROU,1972,188
ROU,1976,180
ROU,1980,241
ROU,1984,151
ROU,1988,147
ROU,1992,238
ROU,1996,231
ROU,2000,200
ROU,2004,165
ROU,2008,141
ROU,2012,118
ROU,2016,89
RSA,1904,4
RSA,1908,32
RSA,1912,45
RSA,1920,61
RSA,1924,36
RSA,1928,37
RSA,1932,19
RSA,1936,48
RSA,1948,38
RSA,1952,88
RSA,1956,75
RSA,1960,54
RSA,1992,121
RSA,1996,83
RSA,2000,89
RSA,2004,82
RSA,2008,114
RSA,2012,79
RSA,2016,101
RUS,1900,5
RUS,1908,7
RUS,1912,207
RUS,1924,3
RUS,1996,418
RUS,2000,451
RUS,2004,447
RUS,2008,457
RUS,2012,409
RUS,2016,282
RWA,1984,6
RWA,1988,8
RWA,1992,10
RWA,1996,4
RWA,2000,5
RWA,2004,5
RWA,2008,4
RWA,2012,7
RWA,2016,7
SAA,1952,73
SAM,1984,9
SAM,1988,11
SAM,1992,5
SAM,1996,5
SAM,2000,5
SAM,2004,3
SAM,2008,7
SAM,2012,9
SAM,2016,9
SCG,1996,55
SCG,2000,69
SCG,2004,52
SEN,1964,8
SEN,1968,21
SEN,1972,34
SEN,1976,30
SEN,1980,36
SEN,1984,22
SEN,1988,29
SEN,1992,22
SEN,1996,9
SEN,2000,26
SEN,2004,18
SEN,2008,17
SEN,2012,16
SEN,2016,22
SEY,1980,15
SEY,1984,15
SEY,1992,21
SEY,1996,9
SEY,2000,9
SEY,2004,10
SEY,2008,9
SEY,2012,6
SEY,2016,10
SGP,1948,1
SGP,1952,7
SGP,1956,27
SGP,1960,5
SGP,1968,6
SGP,1972,12
SGP,1976,4
SGP,1984,8
SGP,1988,20
SGP,1992,35
SGP,1996,28
SGP,2000,21
SGP,2004,19
SGP,2008,28
SGP,2012,31
SGP,2016,29
SKN,1996,5
SKN,2000,4
SKN,2004,2
SKN,2008,6
SKN,2012,4
SKN,2016,6
SLE,1968,4
SLE,1980,26
SLE,1984,7
SLE,1988,14
SLE,1992,12
SLE,1996,10
SLE,2000,3
SLE,2004,2
SLE,2008,3
SLE,2012,2
SLE,2016,4
SLO,1992,41
SLO,1996,40
SLO,2000,61
SLO,2004,74
SLO,2008,68
SLO,2012,72
SLO,2016,49
SMR,1960,10
SMR,1968,4
SMR,1972,7
SMR,1976,10
SMR,1980,16
SMR,1984,31
SMR,1988,15
SMR,1992,16
SMR,1996,7
SMR,2000,4
SMR,2004,5
SMR,2008,4
SMR,2012,4
SMR,2016,4
SOL,1984,3
SOL,1988,5
SOL,1992,1
SOL,1996,4
SOL,2000,2
SOL,2004,2
SOL,2008,3
SOL,2012,4
SOL,2016,3
SOM,1972,4
SOM,1984,9
SOM,1988,5
SOM,1996,4
SOM,2000,2
SOM,2004,2
SOM,2008,2
SOM,2012,2
SOM,2016,2
SRB,1912,2
SRB,2008,49
SRB,2012,69
SRB,2016,93
SRI,1948,10
SRI,1952,7
SRI,1956,3
SRI,1960,5
SRI,1964,7
SRI,1968,3
SRI,1972,6
SRI,1980,1
SRI,1984,5
SRI,1988,9
SRI,1992,16
SRI,1996,11
SRI,2000,17
SRI,2004,8
SRI,2008,9
SRI,2012,8
SRI,2016,10
SSD,2016,3
STP,1996,2
STP,2000,2
STP,2004,2
STP,2008,4
STP,2012,2
STP,2016,3
SUD,1960,13
SUD,1968,7
SUD,1972,15
SUD,1984,9
SUD,1988,8
SUD,1992,7
SUD,1996,4
SUD,2000,3
SUD,2004,4
SUD,2008,9
SUD,2012,6
SUD,2016,6
SUI,1896,8
SUI,1900,44
SUI,1904,7
SUI,1906,41
SUI,1908,1
SUI,1912,7
SUI,1920,70
SUI,1924,195
SUI,1928,170
SUI,1932,9
SUI,1936,251
SUI,1948,230
SUI,1952,200
SUI,1956,12
SUI,1960,167
SUI,1964,108
SUI,1968,128
SUI,1972,214
SUI,1976,88
SUI,1980,52
SUI,1984,184
SUI,1988,126
SUI,1992,147
SUI,1996,130
SUI,2000,119
SUI,2004,116
SUI,2008,101
SUI,2012,94
SUI,2016,123
SUR,1968,1
SUR,1972,3
SUR,1976,4
SUR,1984,7
SUR,1988,10
SUR,1992,9
SUR,1996,11
SUR,2000,5
SUR,2004,4
SUR,2008,4
SUR,2012,5
SUR,2016,6
SVK,1996,89
SVK,2000,88
SVK,2004,72
SVK,2008,61
SVK,2012,57
SVK,2016,57
SWE,1896,5
SWE,1900,25
SWE,1906,85
SWE,1908,180
SWE,1912,551
SWE,1920,265
SWE,1924,179
SWE,1928,117
SWE,1932,119
SWE,1936,177
SWE,1948,166
SWE,1952,277
SWE,1956,152
SWE,1960,213
SWE,1964,143
SWE,1968,154
SWE,1972,130
SWE,1976,131
SWE,1980,150
SWE,1984,188
SWE,1988,158
SWE,1992,169
SWE,1996,148
SWE,2000,128
SWE,2004,110
SWE,2008,106
SWE,2012,102
SWE,2016,104
SWZ,1972,4
SWZ,1984,11
SWZ,1988,15
SWZ,1992,10
SWZ,1996,6
SWZ,2000,6
SWZ,2004,3
SWZ,2008,4
SWZ,2012,3
SWZ,2016,2
SYR,1948,1
SYR,1968,2
SYR,1972,5
SYR,1980,57
SYR,1984,9
SYR,1988,13
SYR,1992,9
SYR,1996,8
SYR,2000,8
SYR,2004,6
SYR,2008,7
SYR,2012,10
SYR,2016,7
TAN,1964,4
TAN,1968,5
TAN,1972,16
TAN,1980,33
TAN,1984,21
TAN,1988,10
TAN,1992,9
TAN,1996,7
TAN,2000,4
TAN,2004,9
TAN,2008,9
TAN,2012,6
TAN,2016,7
TCH,1920,92
TCH,1924,176
TCH,1928,117
TCH,1932,44
TCH,1936,239
TCH,1948,128
TCH,1952,183
TCH,1956,135
TCH,1960,173
TCH,1964,143
TCH,1968,150
TCH,1972,204
TCH,1976,198
TCH,1980,223
TCH,1988,172
TCH,1992,210
TGA,1984,7
TGA,1988,7
TGA,1992,5
TGA,1996,5
TGA,2000,3
TGA,2004,5
TGA,2008,3
TGA,2012,3
TGA,2016,7
THA,1952,12
THA,1956,26
THA,1960,20
THA,1964,53
THA,1968,27
THA,1972,30
THA,1976,48
THA,1984,34
THA,1988,12
THA,1992,49
THA,1996,45
THA,2000,55
THA,2004,46
THA,2008,46
THA,2012,41
THA,2016,55
TJK,1996,8
TJK,2000,4
TJK,2004,9
TJK,2008,16
TJK,2012,16
TJK,2016,7
TKM,1996,7
TKM,2000,8
TKM,2004,10
TKM,2008,10
TKM,2012,10
TKM,2016,9
TLS,2004,2
TLS,2008,1
TLS,2012,2
TLS,2016,3
TOG,1972,7
TOG,1984,6
TOG,1988,6
TOG,1992,6
TOG,1996,4
TOG,2000,3
TOG,2004,3
TOG,2008,4
TOG,2012,6
TOG,2016,5
TPE,1956,23
TPE,1960,19
TPE,1964,88
TPE,1968,87
TPE,1972,41
TPE,1984,51
TPE,1988,103
TPE,1992,17
TPE,1996,73
TPE,2000,67
TPE,2004,59
TPE,2008,48
TPE,2012,47
TPE,2016,57
TTO,1948,9
TTO,1952,2
TTO,1956,10
TTO,1964,14
TTO,1968,16
TTO,1972,25
TTO,1976,14
TTO,1980,9
TTO,1984,17
TTO,1988,10
TTO,1992,10
TTO,1996,16
TTO,2000,22
TTO,2004,20
TTO,2008,25
TTO,2012,29
TTO,2016,34
TUN,1960,39
TUN,1964,12
TUN,1968,8
TUN,1972,12
TUN,1976,5
TUN,1984,17
TUN,1988,15
TUN,1992,14
TUN,1996,25
TUN,2000,34
TUN,2004,38
TUN,2008,29
TUN,2012,62
TUN,2016,50
TUR,1906,2
TUR,1912,7
TUR,1924,13
TUR,1928,21
TUR,1932,2
TUR,1936,42
TUR,1948,59
TUR,1952,47
TUR,1956,24
TUR,1960,43
TUR,1964,24
TUR,1968,30
TUR,1972,47
TUR,1976,28
TUR,1984,56
TUR,1988,47
TUR,1992,50
TUR,1996,58
TUR,2000,63
TUR,2004,71
TUR,2008,70
TUR,2012,104
TUR,2016,115
TUV,2008,3
TUV,2012,3
TUV,2016,1
UAE,1984,8
UAE,1988,24
UAE,1992,24
UAE,1996,4
UAE,2000,5
UAE,2004,5
UAE,2008,9
UAE,2012,9
UAE,2016,12
UAR,1960,86
UGA,1956,5
UGA,1960,13
UGA,1964,16
UGA,1968,14
UGA,1972,19
UGA,1980,13
UGA,1984,27
UGA,1988,24
UGA,1992,9
UGA,1996,11
UGA,2000,13
UGA,2004,11
UGA,2008,11
UGA,2012,16
UGA,2016,23
UKR,1996,286
UKR,2000,308
UKR,2004,289
UKR,2008,286
UKR,2012,274
UKR,2016,231
UNK,1912,2
URS,1952,358
URS,1956,317
URS,1960,326
URS,1964,351
URS,1968,355
URS,1972,380
URS,1976,413
URS,1980,456
URS,1988,450
URU,1924,20
URU,1928,1
URU,1932,6
URU,1936,26
URU,1948,58
URU,1952,34
URU,1956,23
URU,1960,37
URU,1964,23
URU,1968,41
URU,1972,17
URU,1976,12
URU,1984,23
URU,1988,17
URU,1992,18
URU,1996,15
URU,2000,17
URU,2004,18
URU,2008,13
URU,2012,12
URU,2016,17
USA,1896,27
USA,1900,129
USA,1904,853
USA,1906,77
USA,1908,194
USA,1912,304
USA,1920,330
USA,1924,333
USA,1928,355
USA,1932,671
USA,1936,372
USA,1948,321
USA,1952,351
USA,1956,338
USA,1960,330
USA,1964,364
USA,1968,401
USA,1972,435
USA,1976,445
USA,1984,478
USA,1988,505
USA,1992,530
USA,1996,555
USA,2000,532
USA,2004,519
USA,2008,515
USA,2012,490
USA,2016,497
UZB,1996,78
UZB,2000,73
UZB,2004,74
UZB,2008,69
UZB,2012,56
UZB,2016,79
VAN,1988,6
VAN,1992,8
VAN,1996,4
VAN,2000,3
VAN,2004,2
VAN,2008,3
VAN,2012,5
VAN,2016,4
VEN,1932,1
VEN,1948,2
VEN,1952,50
VEN,1956,27
VEN,1960,40
VEN,1964,19
VEN,1968,24
VEN,1972,27
VEN,1976,41
VEN,1980,25
VEN,1984,35
VEN,1988,18
VEN,1992,28
VEN,1996,44
VEN,2000,56
VEN,2004,52
VEN,2008,88
VEN,2012,74
VEN,2016,96
VIE,1980,35
VIE,1988,12
VIE,1992,10
VIE,1996,6
VIE,2000,7
VIE,2004,11
VIE,2008,18
VIE,2012,24
VIE,2016,28
VIN,1988,6
VIN,1992,5
VIN,1996,6
VIN,2000,4
VIN,2004,3
VIN,2008,2
VIN,2012,3
VIN,2016,4
VNM,1952,10
VNM,1956,7
VNM,1960,5
VNM,1964,20
VNM,1968,9
VNM,1972,2
WIF,1960,16
YAR,1984,3
YAR,1988,8
YEM,1992,8
YEM,1996,4
YEM,2000,2
YEM,2004,3
YEM,2008,8
YEM,2012,4
YEM,2016,3
YMD,1988,5
YUG,1920,1
YUG,1924,93
YUG,1928,66
YUG,1932,1
YUG,1936,133
YUG,1948,110
YUG,1952,151
YUG,1956,17
YUG,1960,140
YUG,1964,90
YUG,1968,107
YUG,1972,162
YUG,1976,72
YUG,1980,105
YUG,1984,92
YUG,1988,113
ZAM,1964,15
ZAM,1968,7
ZAM,1972,12
ZAM,1980,27
ZAM,1984,18
ZAM,1988,13
ZAM,1992,11
ZAM,1996,8
ZAM,2000,8
ZAM,2004,6
ZAM,2008,8
ZAM,2012,7
ZAM,2016,7
ZIM,1928,2
ZIM,1960,7
ZIM,1964,18
ZIM,1980,37
ZIM,1984,20
ZIM,1988,44
ZIM,1992,27
ZIM,1996,17
ZIM,2000,22
ZIM,2004,13
ZIM,2008,16
ZIM,2012,9
ZIM,2016,15
